customer_id,predicted_cltv,horizon_months
USER_006541,1397.422,12
USER_007305,907.7619,12
USER_000782,1606.7131,12
USER_008400,418.51895,12
USER_004974,506.4826,12
USER_007266,428.55792,12
USER_006707,1922.6436,12
USER_007756,616.06995,12
USER_006145,2269.261,12
USER_002136,2232.3003,12
USER_007700,3885.9385,12
USER_007443,622.6111,12
USER_008666,268.35303,12
USER_002316,2969.6958,12
USER_004698,1806.4651,12
USER_006520,1094.425,12
USER_002887,1551.0109,12
USER_001461,6256.615,12
USER_008279,705.8923,12
USER_006021,294.33145,12
USER_000786,1748.4458,12
USER_002865,352.1761,12
USER_009525,1713.9662,12
USER_003631,468.66553,12
USER_008490,2214.355,12
USER_005085,1191.6854,12
USER_000611,2054.376,12
USER_001815,2853.0183,12
USER_003673,396.81094,12
USER_008362,1031.2458,12
USER_001512,2405.511,12
USER_005079,3355.409,12
USER_000704,2903.298,12
USER_006544,2114.8777,12
USER_004420,438.7687,12
USER_007215,1396.9316,12
USER_008813,1392.511,12
USER_003743,921.0686,12
USER_009339,1451.4121,12
USER_002828,3403.8438,12
USER_005974,443.76215,12
USER_002386,662.1591,12
USER_009397,2430.6812,12
USER_005054,1322.9457,12
USER_001809,2814.2512,12
USER_009816,2223.1094,12
USER_000054,2140.505,12
USER_001362,2865.929,12
USER_007057,1807.536,12
USER_004382,1873.9276,12
USER_007360,223.61856,12
USER_000210,2465.701,12
USER_006789,983.17755,12
USER_008731,2576.3765,12
USER_002792,1801.9816,12
USER_004639,5132.0376,12
USER_001310,2567.3196,12
USER_004893,2490.8384,12
USER_005044,1260.6516,12
USER_004268,484.67188,12
USER_000202,3180.7205,12
USER_007685,589.1316,12
USER_007440,576.16534,12
USER_002740,2462.0208,12
USER_002684,1678.4235,12
USER_008194,1641.6394,12
USER_003187,754.0585,12
USER_008350,1665.4028,12
USER_009406,706.9169,12
USER_002137,736.8596,12
USER_009130,1744.9703,12
USER_000369,2822.9126,12
USER_007233,2577.067,12
USER_009533,1948.742,12
USER_001691,1733.068,12
USER_001214,716.7465,12
USER_009082,1929.8533,12
USER_008084,339.69363,12
USER_000213,3302.1719,12
USER_001915,1897.7136,12
USER_007429,480.32626,12
USER_001361,2605.8804,12
USER_001954,1079.883,12
USER_006310,1094.2764,12
USER_005542,1300.405,12
USER_005110,448.1955,12
USER_000471,2809.1233,12
USER_009335,2104.1553,12
USER_003427,527.3084,12
USER_009604,2133.6396,12
USER_002798,1600.7396,12
USER_008524,970.5746,12
USER_001721,2630.7083,12
USER_000962,2451.9011,12
USER_001134,1374.0885,12
USER_001117,3438.493,12
USER_004076,1437.4427,12
USER_002255,587.42334,12
USER_006526,1819.0039,12
USER_000464,775.54065,12
USER_004210,1237.1768,12
USER_002823,234.70905,12
USER_007452,125.71955,12
USER_009091,1367.834,12
USER_001861,786.80804,12
USER_002522,2760.9226,12
USER_003876,216.69455,12
USER_000559,2617.3645,12
USER_009085,1761.3157,12
USER_001442,1031.7499,12
USER_002123,1790.6462,12
USER_007489,436.07574,12
USER_007163,549.9247,12
USER_003735,835.92206,12
USER_000758,2623.5527,12
USER_005559,1047.2961,12
USER_006082,1153.9465,12
USER_005387,194.98755,12
USER_000348,1934.1089,12
USER_000894,499.5251,12
USER_005137,212.62364,12
USER_000879,2543.641,12
USER_000652,3341.94,12
USER_003845,4123.035,12
USER_002666,3274.8188,12
USER_000132,3781.719,12
USER_006861,639.7003,12
USER_005723,605.7325,12
USER_001582,1665.3112,12
USER_009489,1310.9806,12
USER_006059,1663.8949,12
USER_002415,2635.28,12
USER_007949,855.119,12
USER_001363,690.2604,12
USER_002049,2083.566,12
USER_004317,1912.3252,12
USER_000167,2940.1284,12
USER_001730,742.82355,12
USER_001164,886.41205,12
USER_006153,1299.7798,12
USER_004835,2851.9653,12
USER_002467,2402.3608,12
USER_008518,2568.3582,12
USER_009766,1125.4524,12
USER_007637,115.11907,12
USER_002994,2103.0186,12
USER_003880,1183.6921,12
USER_006064,1496.9117,12
USER_004468,8706.928,12
USER_005765,1305.8829,12
USER_008241,675.50964,12
USER_002556,735.15326,12
USER_002820,496.35617,12
USER_003921,1446.9321,12
USER_006975,449.14703,12
USER_007989,736.13824,12
USER_003102,2842.2075,12
USER_005364,853.74866,12
USER_002526,2886.5305,12
USER_004104,703.20605,12
USER_002845,2665.633,12
USER_005993,1580.3517,12
USER_001754,1952.037,12
USER_002397,2933.6235,12
USER_009364,549.9598,12
USER_002243,1510.6265,12
USER_007419,344.2682,12
USER_000697,2272.2158,12
USER_008633,251.78061,12
USER_003972,455.00784,12
USER_009270,413.398,12
USER_003464,3366.7837,12
USER_007070,196.77206,12
USER_009384,1568.2947,12
USER_003585,294.50095,12
USER_000713,2773.3992,12
USER_004902,98.25491,12
USER_002951,2028.5199,12
USER_007558,878.7046,12
USER_008435,371.63782,12
USER_007008,1862.5419,12
USER_006970,950.29565,12
USER_001822,2197.3118,12
USER_006504,772.0195,12
USER_009227,760.125,12
USER_008415,612.7185,12
USER_000214,4248.6187,12
USER_005832,1052.7095,12
USER_002408,2173.5066,12
USER_008561,147.58359,12
USER_004517,109.68573,12
USER_003656,615.0889,12
USER_009510,208.1127,12
USER_009368,1648.3522,12
USER_002754,3099.6252,12
USER_000177,2829.519,12
USER_007225,289.2953,12
USER_008783,440.95282,12
USER_005390,1721.1969,12
USER_009939,351.43234,12
USER_003555,1080.4376,12
USER_008681,495.10336,12
USER_007952,1823.9293,12
USER_008853,855.0499,12
USER_002265,395.1984,12
USER_008982,324.5311,12
USER_009572,1148.5023,12
USER_003535,2023.3303,12
USER_006147,942.63464,12
USER_006402,1530.3601,12
USER_009137,1173.8705,12
USER_007990,1488.3647,12
USER_001998,2466.2935,12
USER_006613,231.20897,12
USER_000370,2346.3682,12
USER_007075,1470.5267,12
USER_003704,2554.732,12
USER_004434,354.57217,12
USER_002830,1681.1005,12
USER_007701,1089.4945,12
USER_000194,1523.7164,12
USER_006662,706.59106,12
USER_007462,1160.5826,12
USER_005945,662.323,12
USER_001631,4248.9336,12
USER_003404,1409.4353,12
USER_000173,5127.8965,12
USER_000186,3097.7249,12
USER_003721,1494.5782,12
USER_000917,2713.2395,12
USER_009898,505.81152,12
USER_006779,595.4666,12
USER_009786,2366.3625,12
USER_004103,163.50719,12
USER_007552,1087.0983,12
USER_005614,110.284706,12
USER_003497,795.27563,12
USER_009095,1007.72815,12
USER_003962,496.2165,12
USER_003862,86.51305,12
USER_001516,2064.4487,12
USER_009379,1590.417,12
USER_005673,166.86307,12
USER_009200,1599.3738,12
USER_006217,855.83203,12
USER_005607,1462.1968,12
USER_003661,282.26404,12
USER_000521,2300.094,12
USER_002357,3730.3552,12
USER_006178,527.1783,12
USER_009255,2164.113,12
USER_005068,1644.956,12
USER_001156,508.09128,12
USER_000794,3292.3777,12
USER_009292,2906.2173,12
USER_003338,968.0494,12
USER_001988,1466.9427,12
USER_000832,3752.4072,12
USER_000116,3834.288,12
USER_003510,394.49814,12
USER_004785,351.89755,12
USER_003121,1981.5126,12
USER_006192,215.80244,12
USER_002906,143.40988,12
USER_009129,2108.14,12
USER_008118,2775.3757,12
USER_003954,266.35065,12
USER_001936,3259.3481,12
USER_001186,2788.8857,12
USER_005290,1535.7886,12
USER_001356,1992.3387,12
USER_000150,3962.958,12
USER_002751,1162.9131,12
USER_004161,3149.0596,12
USER_000192,4214.2085,12
USER_002133,570.60956,12
USER_002118,1910.1753,12
USER_007387,1343.2024,12
USER_003340,705.3615,12
USER_006668,1764.5997,12
USER_002362,1402.3037,12
USER_003442,1050.5906,12
USER_009352,1148.3331,12
USER_005717,3791.1318,12
USER_008372,999.9691,12
USER_007854,473.0127,12
USER_007819,1911.2292,12
USER_006891,874.37854,12
USER_004593,1163.0193,12
USER_002911,2230.4712,12
USER_002793,899.262,12
USER_007580,371.83014,12
USER_008307,253.45398,12
USER_006434,2285.5283,12
USER_001489,3040.309,12
USER_006673,532.1786,12
USER_008094,1282.7323,12
USER_008232,708.98175,12
USER_003385,1168.21,12
USER_001284,2378.9414,12
USER_003397,1777.345,12
USER_001739,3906.2585,12
USER_000127,1320.884,12
USER_004713,1265.4458,12
USER_007246,410.21948,12
USER_008237,2288.1218,12
USER_003929,721.42084,12
USER_001020,1724.472,12
USER_004755,569.165,12
USER_009847,2518.966,12
USER_001797,2044.2058,12
USER_002787,2068.9302,12
USER_003529,682.3021,12
USER_000101,1668.6722,12
USER_003193,278.0727,12
USER_005366,187.03354,12
USER_003498,793.4269,12
USER_007229,2212.1982,12
USER_002708,2604.2073,12
USER_004580,231.38513,12
USER_006055,821.9042,12
USER_001649,3536.6895,12
USER_008268,638.79,12
USER_006015,2320.204,12
USER_002129,2223.6978,12
USER_009289,1665.2615,12
USER_006429,300.49942,12
USER_006977,820.5853,12
USER_009250,411.52606,12
USER_006057,1270.9255,12
USER_007732,368.13785,12
USER_007850,1581.7471,12
USER_009132,154.07611,12
USER_009164,3422.4895,12
USER_006188,1636.7073,12
USER_009511,775.0735,12
USER_000009,2871.2214,12
USER_007301,2490.7305,12
USER_008717,1668.4781,12
USER_001903,1845.8348,12
USER_008253,240.77528,12
USER_009627,1723.2234,12
USER_001142,2238.0498,12
USER_009031,1201.1328,12
USER_004733,380.22443,12
USER_001543,1080.6075,12
USER_001126,1594.7549,12
USER_001770,3300.9932,12
USER_004444,2134.2742,12
USER_004801,579.1008,12
USER_002453,1567.4642,12
USER_007721,387.67157,12
USER_002602,1635.006,12
USER_002269,1607.3811,12
USER_006467,3279.4192,12
USER_004905,278.07156,12
USER_008292,1871.9187,12
USER_003241,1819.9656,12
USER_000756,1873.554,12
USER_007358,1361.9338,12
USER_001151,5069.9106,12
USER_009381,1666.8987,12
USER_003106,3279.4104,12
USER_004176,1515.8177,12
USER_009201,2056.135,12
USER_005911,799.06793,12
USER_009621,819.9611,12
USER_003539,313.5363,12
USER_001878,1513.5707,12
USER_009421,786.46674,12
USER_007205,149.09459,12
USER_005570,2034.7275,12
USER_003875,1280.303,12
USER_001347,2040.2742,12
USER_000770,2729.1902,12
USER_009956,684.039,12
USER_006828,141.67815,12
USER_006678,572.2998,12
USER_004967,251.27298,12
USER_005881,1143.072,12
USER_005645,1555.1505,12
USER_002518,2544.7446,12
USER_008126,1169.444,12
USER_006956,183.06139,12
USER_007449,408.0041,12
USER_000543,2853.3064,12
USER_003688,306.80298,12
USER_000554,6161.4634,12
USER_003758,291.07996,12
USER_002879,2262.939,12
USER_005995,1206.0022,12
USER_000238,3310.3755,12
USER_003057,660.1744,12
USER_001330,529.101,12
USER_008464,1426.6058,12
USER_007978,364.8887,12
USER_006495,1434.091,12
USER_006036,1252.705,12
USER_009819,450.57248,12
USER_007749,1295.0327,12
USER_007021,202.87303,12
USER_001427,1947.8015,12
USER_005815,576.0754,12
USER_002688,1129.9045,12
USER_000993,4262.1514,12
USER_008628,869.36597,12
USER_007020,1029.7802,12
USER_001503,2525.7976,12
USER_009908,261.10175,12
USER_003007,416.918,12
USER_002987,3444.5066,12
USER_000693,3022.7883,12
USER_001779,1259.1646,12
USER_006420,2291.3635,12
USER_009244,1844.6967,12
USER_008250,643.2514,12
USER_006056,475.1861,12
USER_004456,1125.167,12
USER_004475,1980.313,12
USER_005472,282.6981,12
USER_000873,1677.9688,12
USER_002773,2152.6035,12
USER_002213,3784.392,12
USER_009316,1042.4576,12
USER_001807,2861.7742,12
USER_006097,178.99312,12
USER_000602,2390.2612,12
USER_003869,3404.1672,12
USER_006865,534.2838,12
USER_001373,563.7065,12
USER_003153,1493.258,12
USER_002022,1387.2917,12
USER_001379,1926.8422,12
USER_002076,869.22174,12
USER_006711,416.21243,12
USER_005248,658.1317,12
USER_000690,2978.9167,12
USER_000247,3883.5762,12
USER_007046,479.60544,12
USER_003280,4367.6196,12
USER_005434,1240.6658,12
USER_009451,735.104,12
USER_005343,1300.5115,12
USER_000568,3167.8767,12
USER_008914,862.95026,12
USER_000956,5447.3364,12
USER_003711,472.3905,12
USER_007544,999.24817,12
USER_002895,3716.8723,12
USER_000328,1413.2386,12
USER_009069,474.7754,12
USER_000889,2855.1272,12
USER_001794,2629.4175,12
USER_005210,2056.226,12
USER_000893,2127.4663,12
USER_009319,281.81662,12
USER_002044,1520.4214,12
USER_007073,563.3938,12
USER_007016,1080.8878,12
USER_000985,4895.2163,12
USER_005255,1051.2837,12
USER_005160,1089.0753,12
USER_000279,3342.0032,12
USER_006114,881.1735,12
USER_006908,834.4845,12
USER_005357,307.23465,12
USER_009000,959.80316,12
USER_000033,3543.2754,12
USER_009810,698.5344,12
USER_007865,2164.1995,12
USER_002611,1960.829,12
USER_002217,1093.1094,12
USER_000761,2455.7822,12
USER_009671,1032.0261,12
USER_003826,2183.1099,12
USER_002067,2197.6812,12
USER_003524,1368.9285,12
USER_002564,1397.7211,12
USER_002901,3617.1746,12
USER_002197,1363.3646,12
USER_000197,2834.0103,12
USER_002000,1176.6316,12
USER_008038,916.0349,12
USER_005772,1904.1223,12
USER_002298,2069.7234,12
USER_006814,753.6668,12
USER_004783,916.5309,12
USER_005421,628.10187,12
USER_001641,3920.6963,12
USER_007657,1355.1337,12
USER_004194,1187.9073,12
USER_003424,265.82916,12
USER_001573,1952.4773,12
USER_007973,2560.9463,12
USER_007488,1000.6341,12
USER_009393,229.6558,12
USER_009281,1600.8871,12
USER_001636,1974.3933,12
USER_004116,1092.9801,12
USER_007847,339.55164,12
USER_004602,847.9834,12
USER_008481,2250.432,12
USER_009098,2265.2512,12
USER_002639,3007.8318,12
USER_006664,835.9361,12
USER_005283,801.4499,12
USER_004550,661.28973,12
USER_004422,697.32587,12
USER_003927,2588.701,12
USER_001317,2845.2786,12
USER_001062,1589.8423,12
USER_008383,1480.9724,12
USER_002373,2229.024,12
USER_002975,2025.9706,12
USER_002549,967.65533,12
USER_007741,857.1343,12
USER_000666,3560.8535,12
USER_006690,2067.6375,12
USER_009003,2196.7815,12
USER_004800,1791.5457,12
USER_001233,1081.4745,12
USER_009809,558.5662,12
USER_008742,529.96387,12
USER_009972,999.2413,12
USER_002171,1217.888,12
USER_005641,520.565,12
USER_003138,875.15875,12
USER_007487,207.3076,12
USER_007599,1794.7415,12
USER_002977,1374.8322,12
USER_008781,1299.1986,12
USER_009131,2447.2021,12
USER_005220,877.3941,12
USER_001985,576.3753,12
USER_001415,2298.191,12
USER_007508,496.06918,12
USER_003167,253.8048,12
USER_000971,3438.1636,12
USER_003670,2144.019,12
USER_009535,2568.68,12
USER_000641,2353.217,12
USER_002632,1848.6389,12
USER_008407,133.02931,12
USER_007196,1603.1067,12
USER_000557,2815.5183,12
USER_007351,8924.687,12
USER_009228,1608.5645,12
USER_009422,1686.9662,12
USER_000841,5169.877,12
USER_007744,1912.7219,12
USER_006832,589.83093,12
USER_002944,3225.7502,12
USER_002578,1129.5651,12
USER_001393,1515.7871,12
USER_008540,1537.4321,12
USER_001579,2103.6885,12
USER_005871,1928.4805,12
USER_001169,1457.6051,12
USER_004626,533.86884,12
USER_004994,2222.1997,12
USER_007994,1494.9708,12
USER_005889,2408.2017,12
USER_008347,294.40027,12
USER_009610,907.3304,12
USER_005750,1958.4872,12
USER_007541,1268.9987,12
USER_003969,189.0247,12
USER_000606,872.60236,12
USER_005697,919.61926,12
USER_005927,3558.8975,12
USER_002775,1985.0883,12
USER_002729,1510.8077,12
USER_001706,1550.9938,12
USER_009667,2040.9962,12
USER_004354,1461.1589,12
USER_003197,2405.3892,12
USER_009628,564.1604,12
USER_005396,591.7895,12
USER_003223,3323.9282,12
USER_004737,1316.9054,12
USER_008352,3399.8774,12
USER_000656,2021.8942,12
USER_000776,1212.7859,12
USER_001333,3128.9336,12
USER_000848,524.4877,12
USER_001932,1822.727,12
USER_006392,87.16888,12
USER_009346,2254.2124,12
USER_006455,2395.357,12
USER_007683,1703.795,12
USER_000326,2663.1833,12
USER_000929,2743.7556,12
USER_002752,822.1938,12
USER_008215,1024.6835,12
USER_000079,1093.707,12
USER_001953,2290.7278,12
USER_007804,965.4849,12
USER_007343,1073.9156,12
USER_002432,2683.9722,12
USER_002583,944.3515,12
USER_001508,1528.8021,12
USER_004112,479.08383,12
USER_005563,351.60513,12
USER_007967,1814.1201,12
USER_009691,671.7152,12
USER_006235,1018.1011,12
USER_000830,2609.3,12
USER_009487,479.51874,12
USER_001523,529.4892,12
USER_004295,134.1638,12
USER_000839,2011.9037,12
USER_004624,544.76666,12
USER_003584,1026.5691,12
USER_004582,314.71286,12
USER_001989,1259.7017,12
USER_001502,1216.7758,12
USER_001135,1456.1527,12
USER_008928,324.73242,12
USER_008450,1030.1273,12
USER_000836,5208.26,12
USER_000246,3839.2031,12
USER_001145,3516.8564,12
USER_008965,85.82027,12
USER_007529,768.32166,12
USER_007564,1120.6293,12
USER_005571,2703.1333,12
USER_001451,2120.8413,12
USER_007022,599.9176,12
USER_001962,1732.1866,12
USER_006296,877.8609,12
USER_003213,479.9494,12
USER_009668,310.367,12
USER_007597,776.8831,12
USER_008466,336.53525,12
USER_004217,1294.0543,12
USER_009431,312.34186,12
USER_002487,2244.5466,12
USER_001374,907.78613,12
USER_000481,2152.8445,12
USER_008100,2967.366,12
USER_007556,1835.9767,12
USER_003934,138.98059,12
USER_001575,2280.613,12
USER_004873,543.41,12
USER_000067,2749.7588,12
USER_000901,2865.538,12
USER_002961,907.42566,12
USER_005101,737.20544,12
USER_008535,449.40057,12
USER_000399,2753.473,12
USER_000518,2602.7415,12
USER_001531,1447.8763,12
USER_006734,176.33553,12
USER_002893,998.66345,12
USER_003886,1753.816,12
USER_003303,1045.8347,12
USER_003192,560.44543,12
USER_001462,1823.2195,12
USER_007694,766.6878,12
USER_004267,1144.2075,12
USER_004703,873.19556,12
USER_007774,2525.4485,12
USER_009666,878.2077,12
USER_009796,465.5123,12
USER_009279,2318.0393,12
USER_005371,652.5057,12
USER_009797,3009.0251,12
USER_008609,1371.5726,12
USER_004472,1657.4626,12
USER_004109,732.04987,12
USER_007866,657.8338,12
USER_000903,2232.2778,12
USER_005264,295.37146,12
USER_001879,1875.006,12
USER_001054,1819.284,12
USER_001525,999.3942,12
USER_006941,496.0845,12
USER_003265,2262.4949,12
USER_002699,3351.2869,12
USER_009822,1436.623,12
USER_007129,1954.3741,12
USER_009278,2380.8765,12
USER_009380,343.60886,12
USER_004944,66.26923,12
USER_000126,4320.6455,12
USER_000579,1280.3604,12
USER_009202,268.69806,12
USER_007893,1561.5453,12
USER_003971,2055.638,12
USER_003949,1419.3776,12
USER_009386,1694.9376,12
USER_008005,869.5478,12
USER_006243,139.97766,12
USER_003250,167.65079,12
USER_006708,5552.3936,12
USER_000438,1436.5082,12
USER_003472,2505.0605,12
USER_003441,1264.7983,12
USER_009932,1814.2549,12
USER_003321,1257.6304,12
USER_009263,1624.9767,12
USER_008534,549.435,12
USER_000858,3687.1438,12
USER_000508,3869.3018,12
USER_008877,530.86176,12
USER_006462,251.93497,12
USER_005229,278.79974,12
USER_008114,563.8839,12
USER_009417,1808.01,12
USER_009837,2609.0432,12
USER_002783,1200.6344,12
USER_000443,1991.4498,12
USER_009597,477.7765,12
USER_002486,1119.5033,12
USER_004383,2024.5933,12
USER_007792,1817.9666,12
USER_006460,2399.9258,12
USER_008169,3351.086,12
USER_009839,1329.3273,12
USER_004477,983.4973,12
USER_004732,1791.3134,12
USER_006182,2965.5833,12
USER_001321,3171.5552,12
USER_001453,1053.0809,12
USER_001180,1768.206,12
USER_009672,1250.8044,12
USER_000733,3107.5083,12
USER_000998,1457.0938,12
USER_009966,1013.8895,12
USER_009442,299.9564,12
USER_001881,1371.2557,12
USER_009276,2054.2183,12
USER_009574,448.7933,12
USER_007307,749.86176,12
USER_002317,1280.4521,12
USER_005289,3329.9,12
USER_002030,1693.1279,12
USER_004578,463.21588,12
USER_002715,1998.2399,12
USER_000286,2738.434,12
USER_002308,2269.1755,12
USER_005670,838.89667,12
USER_007257,1564.9012,12
USER_005048,1666.8091,12
USER_008106,733.50275,12
USER_006983,1646.318,12
USER_002053,626.02655,12
USER_002743,1565.8927,12
USER_005388,240.39948,12
USER_001719,1649.16,12
USER_005566,4206.808,12
USER_000702,2739.7778,12
USER_008752,639.60333,12
USER_001606,1065.402,12
USER_002663,1201.4841,12
USER_004597,962.7884,12
USER_003409,1731.9965,12
USER_003146,1504.4591,12
USER_003518,978.95166,12
USER_002323,746.89594,12
USER_007054,389.75006,12
USER_003655,1038.4149,12
USER_006928,1018.0713,12
USER_004044,253.57495,12
USER_004635,2108.867,12
USER_007032,1374.4886,12
USER_001208,4862.9087,12
USER_007015,588.6264,12
USER_000260,3848.8843,12
USER_004170,3695.8762,12
USER_006761,273.1432,12
USER_002995,2470.3481,12
USER_008446,775.3344,12
USER_005124,3858.2192,12
USER_000275,2887.67,12
USER_005883,3055.4502,12
USER_000064,3623.559,12
USER_003800,178.85603,12
USER_002040,4013.6956,12
USER_001110,1032.54,12
USER_006518,406.71927,12
USER_006179,368.67795,12
USER_005996,156.0775,12
USER_001933,1748.1533,12
USER_005188,1107.2819,12
USER_006487,1636.9017,12
USER_003466,64.660866,12
USER_000390,5224.573,12
USER_002544,1022.5589,12
USER_004252,2012.4037,12
USER_006250,222.35677,12
USER_004419,528.243,12
USER_004695,754.31635,12
USER_008606,825.3493,12
USER_000225,3303.5356,12
USER_009294,203.50679,12
USER_004509,4121.6494,12
USER_002025,2599.7092,12
USER_009983,1991.079,12
USER_003047,1514.8007,12
USER_000144,3130.8696,12
USER_006222,481.4292,12
USER_009081,253.76064,12
USER_008353,925.04034,12
USER_007687,1251.9299,12
USER_003159,367.93848,12
USER_009552,772.5076,12
USER_007153,382.92987,12
USER_007664,1749.9199,12
USER_009491,738.08813,12
USER_008431,3087.8933,12
USER_006509,591.0344,12
USER_001371,1283.8975,12
USER_007734,532.15564,12
USER_004214,3365.3574,12
USER_004459,294.74432,12
USER_008073,1492.4495,12
USER_004999,2644.774,12
USER_005230,1152.6123,12
USER_003863,968.58594,12
USER_001677,1668.004,12
USER_009461,496.4101,12
USER_005215,1265.4906,12
USER_003403,723.9478,12
USER_005368,1857.7039,12
USER_009149,640.2621,12
USER_004726,1280.7948,12
USER_006740,241.23167,12
USER_004850,272.93222,12
USER_005400,2257.5332,12
USER_006961,1890.8373,12
USER_004006,810.57837,12
USER_003738,2446.1418,12
USER_001366,2736.8667,12
USER_008207,803.6028,12
USER_000726,1254.9368,12
USER_000431,1687.3273,12
USER_007844,671.9896,12
USER_001245,2988.785,12
USER_008136,481.59485,12
USER_001623,4015.001,12
USER_001564,2481.9604,12
USER_000082,2027.1636,12
USER_000493,1976.6055,12
USER_002607,2507.9153,12
USER_005274,338.65173,12
USER_003614,1857.5469,12
USER_007898,455.82562,12
USER_003004,364.41223,12
USER_003815,860.0127,12
USER_000789,2022.1453,12
USER_002426,1143.0236,12
USER_002789,1550.1277,12
USER_008530,1238.8113,12
USER_004212,2165.2551,12
USER_002624,4830.338,12
USER_003811,691.12,12
USER_001068,3148.52,12
USER_006408,799.16833,12
USER_009100,1094.087,12
USER_008935,472.37027,12
USER_002596,3281.5654,12
USER_000973,1258.0311,12
USER_002931,1178.7568,12
USER_001091,1626.063,12
USER_004648,1293.5934,12
USER_008345,1252.2625,12
USER_004937,177.87328,12
USER_004603,1926.4257,12
USER_002456,1586.0554,12
USER_004376,3108.901,12
USER_004950,232.78029,12
USER_002093,3586.0264,12
USER_002803,2450.0671,12
USER_005169,2855.9907,12
USER_006731,1087.5566,12
USER_003084,177.7052,12
USER_005880,1873.4965,12
USER_009029,1459.3668,12
USER_003320,877.5144,12
USER_001835,306.47354,12
USER_000498,2741.783,12
USER_006051,454.823,12
USER_009594,2749.9912,12
USER_002932,1379.3022,12
USER_006626,787.6806,12
USER_005310,1401.412,12
USER_007313,627.59875,12
USER_001645,1916.1143,12
USER_003531,576.47156,12
USER_007042,1662.4911,12
USER_005643,657.12054,12
USER_004786,438.73608,12
USER_000391,959.3499,12
USER_002591,1742.2263,12
USER_006284,68.83471,12
USER_002668,1317.8322,12
USER_007253,63.454895,12
USER_009156,136.6799,12
USER_000868,3249.1145,12
USER_004344,2851.8262,12
USER_006102,2218.9524,12
USER_002309,2260.6016,12
USER_000775,5321.557,12
USER_003693,1689.1829,12
USER_002703,1972.7306,12
USER_002126,1575.5747,12
USER_001499,1857.1418,12
USER_002537,942.86273,12
USER_000409,2877.916,12
USER_005649,2525.7297,12
USER_004301,948.8066,12
USER_002061,2749.453,12
USER_000097,4184.355,12
USER_001146,888.1477,12
USER_005887,1370.4655,12
USER_002262,3014.159,12
USER_007420,1693.7245,12
USER_003926,1667.9205,12
USER_006404,528.2547,12
USER_003945,1045.7484,12
USER_006387,213.70044,12
USER_006602,621.14343,12
USER_000806,1805.5094,12
USER_006957,2186.903,12
USER_008630,754.14374,12
USER_009213,125.71955,12
USER_000122,1758.3408,12
USER_005338,881.0823,12
USER_008167,1263.9127,12
USER_000938,2261.7466,12
USER_001303,1055.864,12
USER_009262,1038.339,12
USER_003559,1939.3466,12
USER_002883,1963.108,12
USER_002974,926.4779,12
USER_000777,1774.389,12
USER_007162,2300.056,12
USER_001016,2012.7325,12
USER_000217,4113.165,12
USER_005873,848.33075,12
USER_004056,156.03674,12
USER_004708,1492.7727,12
USER_000223,3576.5254,12
USER_003215,627.59875,12
USER_007658,1866.2751,12
USER_004993,423.36615,12
USER_009516,1618.4089,12
USER_003817,927.033,12
USER_001053,1815.5225,12
USER_001177,2672.472,12
USER_003572,821.9916,12
USER_004452,798.9139,12
USER_007346,1925.5853,12
USER_007405,3167.096,12
USER_007549,571.319,12
USER_000621,1826.5072,12
USER_003610,6809.558,12
USER_009425,147.55223,12
USER_005667,2732.8645,12
USER_001045,1280.7854,12
USER_008379,267.5422,12
USER_008160,857.7849,12
USER_004761,1471.2329,12
USER_006045,1694.5648,12
USER_006363,1803.89,12
USER_000605,3414.473,12
USER_006546,134.95152,12
USER_002675,1686.9563,12
USER_007217,203.6966,12
USER_005500,714.4858,12
USER_000137,3906.9126,12
USER_005227,327.47372,12
USER_009955,434.17822,12
USER_009065,579.44806,12
USER_008840,1455.7991,12
USER_004149,1898.5254,12
USER_006326,733.3271,12
USER_002122,471.16977,12
USER_001052,967.1675,12
USER_001124,1520.6022,12
USER_005768,1560.8843,12
USER_004296,1687.6613,12
USER_002934,2285.7412,12
USER_001439,2599.4956,12
USER_005601,1384.9108,12
USER_001553,3040.4224,12
USER_009455,1752.907,12
USER_006416,1963.7599,12
USER_002103,2163.9,12
USER_001904,1317.4968,12
USER_000544,1126.3533,12
USER_006902,1074.6195,12
USER_002251,1032.8124,12
USER_000334,2474.277,12
USER_000823,4699.073,12
USER_000682,1412.4393,12
USER_004099,1082.5475,12
USER_003450,783.76654,12
USER_006564,740.1717,12
USER_000371,2359.3643,12
USER_009354,1864.0029,12
USER_006753,2264.8875,12
USER_000674,4811.984,12
USER_005154,880.9517,12
USER_009284,877.3396,12
USER_002032,826.11444,12
USER_003508,1493.7405,12
USER_001444,3091.6653,12
USER_007121,204.79385,12
USER_002347,1782.9116,12
USER_000874,3098.101,12
USER_006667,1990.0243,12
USER_003764,628.3147,12
USER_003171,242.94614,12
USER_001111,1788.3604,12
USER_005579,3488.525,12
USER_002601,1591.3279,12
USER_003373,2844.0842,12
USER_004362,792.95013,12
USER_001367,2370.786,12
USER_009759,827.47437,12
USER_009134,193.38205,12
USER_009209,463.3117,12
USER_004019,1662.0386,12
USER_004004,396.24597,12
USER_004281,1747.5339,12
USER_004371,1230.012,12
USER_001756,2223.2258,12
USER_001241,1946.2189,12
USER_005039,327.73087,12
USER_000592,1375.7002,12
USER_006688,165.45456,12
USER_008046,777.5158,12
USER_002704,2045.6278,12
USER_006641,267.44922,12
USER_008364,1284.0747,12
USER_008638,295.60272,12
USER_005299,1198.6907,12
USER_002242,2374.0405,12
USER_004216,1945.1147,12
USER_009878,1075.6941,12
USER_003040,506.2329,12
USER_007138,2865.3667,12
USER_002047,2189.3103,12
USER_004232,2398.5168,12
USER_007350,563.82904,12
USER_001385,1877.6515,12
USER_006358,311.5452,12
USER_000730,4014.3613,12
USER_005136,471.66724,12
USER_003481,1634.3877,12
USER_000001,26595.576,12
USER_000402,2642.9292,12
USER_003255,1405.1766,12
USER_002801,1804.4354,12
USER_007557,1805.124,12
USER_001155,1239.7936,12
USER_007768,603.7648,12
USER_006354,706.1325,12
USER_002701,2754.8242,12
USER_004816,1380.1779,12
USER_001615,1949.4786,12
USER_002533,2103.2996,12
USER_000311,1254.0015,12
USER_004865,2468.8682,12
USER_008964,1608.924,12
USER_001058,1945.484,12
USER_008281,822.58093,12
USER_005535,3292.792,12
USER_003918,2666.7512,12
USER_004120,345.74408,12
USER_005202,1265.1913,12
USER_009410,668.2246,12
USER_002641,444.2119,12
USER_001737,1447.1821,12
USER_001326,2542.1494,12
USER_009385,1279.0991,12
USER_003260,442.98343,12
USER_006853,87.040955,12
USER_009941,5052.85,12
USER_005675,960.07544,12
USER_001217,2229.8904,12
USER_009170,900.98004,12
USER_004976,480.41312,12
USER_002644,1455.4728,12
USER_006461,244.59625,12
USER_005691,251.1215,12
USER_000175,4179.21,12
USER_008148,2741.6685,12
USER_006014,533.7348,12
USER_007465,573.1572,12
USER_005401,1631.6923,12
USER_000423,5338.841,12
USER_008972,503.9351,12
USER_008571,753.4795,12
USER_006823,3133.1167,12
USER_002499,1673.8876,12
USER_005250,2088.9863,12
USER_002477,1037.6243,12
USER_005211,1681.3138,12
USER_008330,1633.0376,12
USER_000057,2170.7922,12
USER_001463,2916.1772,12
USER_007371,1725.9927,12
USER_001194,1319.7941,12
USER_002851,1389.814,12
USER_004588,2021.8278,12
USER_009113,373.18405,12
USER_009005,3210.7542,12
USER_007590,287.0454,12
USER_002191,2464.302,12
USER_009964,1283.8633,12
USER_006007,1258.4696,12
USER_006473,1607.5215,12
USER_007649,1425.4956,12
USER_001455,294.79416,12
USER_004929,407.5422,12
USER_000203,1491.5988,12
USER_008382,557.6733,12
USER_005526,1173.1351,12
USER_001560,1551.016,12
USER_006533,223.07191,12
USER_003279,1734.05,12
USER_005279,2167.2124,12
USER_008472,1094.78,12
USER_002287,2604.513,12
USER_003469,1003.17816,12
USER_008826,2208.501,12
USER_007431,1038.9465,12
USER_000134,1283.8702,12
USER_001231,2357.4043,12
USER_003674,1662.1859,12
USER_003077,902.5649,12
USER_003266,506.45157,12
USER_000017,1972.6324,12
USER_009050,736.50494,12
USER_003313,579.84094,12
USER_003015,3363.3748,12
USER_007848,312.1466,12
USER_001320,825.5142,12
USER_006342,1082.3523,12
USER_008389,294.41455,12
USER_009463,2524.5488,12
USER_007001,1507.7671,12
USER_004556,143.64526,12
USER_006845,426.67865,12
USER_002946,854.94006,12
USER_002398,1374.7518,12
USER_005006,1025.647,12
USER_001094,1341.3551,12
USER_006684,2318.3215,12
USER_002173,3385.9407,12
USER_008810,862.8525,12
USER_007727,1029.934,12
USER_007584,613.9148,12
USER_004705,67.07225,12
USER_009977,967.3584,12
USER_005577,605.8423,12
USER_008458,1090.8546,12
USER_008202,1094.1548,12
USER_006294,1492.5709,12
USER_005587,657.27454,12
USER_006527,2052.887,12
USER_009445,595.8009,12
USER_003491,1831.8413,12
USER_009415,2018.5323,12
USER_008738,506.35345,12
USER_008351,641.65045,12
USER_000571,2660.2068,12
USER_003586,1037.7249,12
USER_000725,1521.2844,12
USER_006003,753.8323,12
USER_009715,288.88425,12
USER_009040,2591.3552,12
USER_002314,1730.7196,12
USER_003648,1299.7833,12
USER_000870,1646.0006,12
USER_004730,1088.4448,12
USER_008514,330.246,12
USER_006378,707.2359,12
USER_006093,1058.4052,12
USER_002614,1534.0214,12
USER_006419,392.33206,12
USER_002261,1563.456,12
USER_005103,2747.9946,12
USER_001633,1042.7728,12
USER_001488,1372.3239,12
USER_008366,1045.1514,12
USER_000140,3616.9497,12
USER_006277,2209.7349,12
USER_005826,1300.9586,12
USER_005628,1239.9199,12
USER_009373,97.9518,12
USER_001840,3281.7537,12
USER_004858,125.31196,12
USER_003388,2525.6343,12
USER_005418,1253.8663,12
USER_008380,656.7608,12
USER_009783,1790.8296,12
USER_005548,463.62006,12
USER_008878,1258.8263,12
USER_008133,959.2085,12
USER_004644,178.54872,12
USER_003031,251.55733,12
USER_000255,3066.0698,12
USER_004638,1589.1191,12
USER_009043,551.2194,12
USER_008085,1641.3661,12
USER_006247,1715.4789,12
USER_001831,1307.8898,12
USER_004388,1822.4281,12
USER_003089,933.92,12
USER_002231,1860.0541,12
USER_001365,1150.5219,12
USER_004968,822.5792,12
USER_002723,1988.9407,12
USER_005378,65.1631,12
USER_002928,5669.936,12
USER_005756,506.10336,12
USER_009011,177.84619,12
USER_007554,397.2847,12
USER_002758,1920.3632,12
USER_009323,1806.4742,12
USER_008882,1048.6307,12
USER_003387,4019.411,12
USER_004659,1153.5526,12
USER_000289,2363.8757,12
USER_008209,447.2149,12
USER_004476,1023.4897,12
USER_001480,1561.4646,12
USER_005724,916.19476,12
USER_005304,2803.0176,12
USER_002185,4649.07,12
USER_000359,2125.8906,12
USER_007319,1388.0665,12
USER_007275,1725.2568,12
USER_000172,3730.2827,12
USER_004011,213.84065,12
USER_007277,1649.6249,12
USER_004836,508.79318,12
USER_001400,2180.5122,12
USER_003316,724.03973,12
USER_009486,175.7484,12
USER_005108,1917.7279,12
USER_001844,2054.1697,12
USER_008718,327.24,12
USER_004231,929.81116,12
USER_000497,2536.9585,12
USER_007095,752.62354,12
USER_008323,873.15173,12
USER_001720,2482.882,12
USER_005692,1254.7551,12
USER_007255,1698.0865,12
USER_003867,507.0523,12
USER_001703,923.0049,12
USER_006370,126.27286,12
USER_001847,1144.2854,12
USER_000838,1001.0103,12
USER_008275,529.93506,12
USER_003847,481.72153,12
USER_007399,906.394,12
USER_008457,2093.9834,12
USER_001929,1302.7076,12
USER_005081,213.2806,12
USER_002383,531.65906,12
USER_008192,290.17688,12
USER_000349,1895.3176,12
USER_007587,1204.9985,12
USER_009631,557.5161,12
USER_001733,2898.6033,12
USER_002157,1364.3452,12
USER_004356,747.0143,12
USER_008263,528.99695,12
USER_006986,889.7611,12
USER_006220,824.5727,12
USER_001588,687.80634,12
USER_000800,4012.53,12
USER_004314,2040.2904,12
USER_008697,243.23076,12
USER_001842,1594.8575,12
USER_006499,186.67422,12
USER_003380,122.66481,12
USER_009523,2389.3787,12
USER_008033,184.4253,12
USER_003337,1109.6102,12
USER_005619,156.84071,12
USER_007788,64.88972,12
USER_000990,1582.413,12
USER_009398,1458.6326,12
USER_001218,2827.2393,12
USER_002147,410.49142,12
USER_006965,1045.1283,12
USER_002780,2251.3696,12
USER_007219,368.5113,12
USER_007619,854.35675,12
USER_003940,2033.5409,12
USER_005659,1694.5385,12
USER_000463,1410.1609,12
USER_005835,406.6454,12
USER_007680,887.62085,12
USER_004254,109.706726,12
USER_006189,2088.4736,12
USER_005455,1266.2144,12
USER_006745,2110.0012,12
USER_004528,890.1599,12
USER_001616,1342.7847,12
USER_004173,1280.2863,12
USER_002637,1634.6726,12
USER_005040,1301.346,12
USER_002474,383.74966,12
USER_008682,328.12775,12
USER_001088,1032.5753,12
USER_000124,3270.5337,12
USER_006549,4355.1865,12
USER_000941,1815.5703,12
USER_003593,562.3704,12
USER_004883,550.9585,12
USER_007719,946.1058,12
USER_006132,1695.0564,12
USER_000113,5433.919,12
USER_005684,368.13785,12
USER_007592,1834.9799,12
USER_001817,1328.3557,12
USER_001421,2462.2434,12
USER_007191,109.706726,12
USER_005743,6738.8105,12
USER_003879,1308.0592,12
USER_000530,1988.2954,12
USER_001340,2771.282,12
USER_003760,3079.6533,12
USER_000395,1414.682,12
USER_004013,62.224873,12
USER_004516,1142.7113,12
USER_002762,1668.5044,12
USER_003041,232.31935,12
USER_003008,754.4537,12
USER_002278,2069.148,12
USER_000475,1782.4133,12
USER_001465,3224.5747,12
USER_002072,3623.6335,12
USER_004384,1208.4607,12
USER_004342,834.90344,12
USER_004375,1560.976,12
USER_006858,1943.1173,12
USER_005534,513.83307,12
USER_005072,640.6431,12
USER_008866,409.94965,12
USER_003668,1001.8854,12
USER_002167,1534.3185,12
USER_005860,1587.9454,12
USER_003049,847.74347,12
USER_004363,577.80615,12
USER_004137,263.60464,12
USER_003554,273.1063,12
USER_001632,2360.3945,12
USER_003072,1188.9291,12
USER_004407,2438.5935,12
USER_001494,2773.3313,12
USER_008962,2509.717,12
USER_005893,1411.6299,12
USER_000607,2043.3584,12
USER_001604,1108.7346,12
USER_004988,2897.183,12
USER_008710,441.85532,12
USER_006083,2798.6628,12
USER_005056,273.30258,12
USER_005894,421.93405,12
USER_004969,1733.3069,12
USER_006287,1445.5757,12
USER_005806,1473.1353,12
USER_000818,3224.5837,12
USER_004091,1053.2313,12
USER_004522,2842.1873,12
USER_003199,1065.4043,12
USER_005695,2405.0828,12
USER_006339,801.9932,12
USER_007818,300.63556,12
USER_009559,282.43265,12
USER_005445,1066.3489,12
USER_002852,463.95917,12
USER_005824,2135.567,12
USER_007249,3955.8987,12
USER_000022,3368.2646,12
USER_000644,2720.598,12
USER_005315,367.8663,12
USER_006570,1733.1609,12
USER_006058,1843.4084,12
USER_001558,3923.8376,12
USER_003967,1395.0442,12
USER_009267,1640.4529,12
USER_003379,2291.0896,12
USER_000676,3200.7734,12
USER_003843,234.02637,12
USER_008761,4190.0063,12
USER_005664,882.12787,12
USER_006997,183.94907,12
USER_000117,2313.0095,12
USER_006700,416.75385,12
USER_009993,4195.608,12
USER_004204,1216.583,12
USER_006426,944.3952,12
USER_006107,1993.8472,12
USER_008497,2466.3755,12
USER_004978,1477.97,12
USER_000578,3686.366,12
USER_007636,1681.3882,12
USER_007097,662.2657,12
USER_007621,2054.7039,12
USER_006967,2467.243,12
USER_004415,1638.1686,12
USER_005899,325.06802,12
USER_007276,754.3175,12
USER_002421,1857.576,12
USER_005358,1167.1515,12
USER_004186,485.0705,12
USER_003257,1294.7012,12
USER_004387,2889.7576,12
USER_003471,824.75995,12
USER_008867,446.60892,12
USER_001655,1746.5768,12
USER_003294,3026.5166,12
USER_001987,1266.4692,12
USER_003626,919.9376,12
USER_005100,627.16394,12
USER_001042,1117.6147,12
USER_001089,2873.8523,12
USER_007218,2187.5342,12
USER_006423,372.81558,12
USER_007955,1711.3331,12
USER_002985,1586.9061,12
USER_005008,1446.959,12
USER_004202,175.97037,12
USER_006101,550.2402,12
USER_008198,1645.3881,12
USER_009260,800.2817,12
USER_007148,1459.1351,12
USER_005057,1395.2563,12
USER_003852,1704.5883,12
USER_002459,290.4431,12
USER_000953,3735.804,12
USER_005801,771.72394,12
USER_003514,1000.31,12
USER_000935,5189.0947,12
USER_000151,1281.3142,12
USER_008149,1444.2692,12
USER_007178,1362.5344,12
USER_008879,1009.43427,12
USER_008658,252.84416,12
USER_007100,1211.8898,12
USER_001640,1551.7473,12
USER_005324,3082.996,12
USER_009544,299.2728,12
USER_000988,1617.949,12
USER_008809,480.92218,12
USER_001563,1374.3748,12
USER_007170,266.80093,12
USER_004511,1944.0037,12
USER_009232,1346.7498,12
USER_001683,2969.2617,12
USER_002947,2124.4717,12
USER_006598,1665.3889,12
USER_004491,252.7003,12
USER_007201,560.70746,12
USER_008807,1193.7822,12
USER_001481,1842.8147,12
USER_000861,2065.6377,12
USER_009768,667.6422,12
USER_005794,2686.764,12
USER_004760,713.2161,12
USER_007373,2324.9697,12
USER_009777,2699.5952,12
USER_009790,799.2561,12
USER_003842,1098.7241,12
USER_008375,380.5525,12
USER_007938,484.35165,12
USER_001565,1458.6881,12
USER_001318,2487.328,12
USER_006750,230.53935,12
USER_002184,2402.4119,12
USER_004188,2741.38,12
USER_002066,2714.6575,12
USER_002204,507.40802,12
USER_002288,2002.9025,12
USER_009917,1045.9686,12
USER_009534,1187.7693,12
USER_006208,231.3025,12
USER_001935,516.3731,12
USER_007656,422.6568,12
USER_001339,1821.8259,12
USER_008924,444.14688,12
USER_003189,396.01764,12
USER_002656,2389.9749,12
USER_004764,285.5206,12
USER_007330,706.3464,12
USER_009441,668.11237,12
USER_007755,917.76416,12
USER_009682,1117.2186,12
USER_003128,473.4332,12
USER_005005,591.1845,12
USER_001029,1665.0845,12
USER_001355,1177.2382,12
USER_005157,2979.6577,12
USER_004474,2329.69,12
USER_001002,3109.515,12
USER_007199,862.5315,12
USER_005282,2713.0457,12
USER_001800,2789.5227,12
USER_006211,717.52124,12
USER_002625,1438.9788,12
USER_009553,1696.5762,12
USER_000694,3083.8562,12
USER_000660,2405.779,12
USER_008434,1766.3182,12
USER_008816,709.92926,12
USER_007791,1321.3182,12
USER_002168,1493.2316,12
USER_006386,780.73566,12
USER_001747,1177.74,12
USER_006985,479.68933,12
USER_008039,1128.4147,12
USER_000259,3058.8694,12
USER_005650,786.32886,12
USER_006352,2177.2996,12
USER_006751,3081.418,12
USER_004341,759.4295,12
USER_008746,2154.918,12
USER_004723,194.85788,12
USER_003718,205.12656,12
USER_008977,1492.5754,12
USER_004571,352.41483,12
USER_000093,5935.4717,12
USER_006418,530.27734,12
USER_003218,1363.8461,12
USER_000897,1662.4911,12
USER_005886,306.87967,12
USER_007491,2401.3977,12
USER_007282,837.37555,12
USER_007679,407.7838,12
USER_006581,277.65506,12
USER_005022,858.1106,12
USER_002247,1953.0123,12
USER_001297,2643.9775,12
USER_004794,432.2911,12
USER_006300,1303.3324,12
USER_004513,1154.717,12
USER_003017,1862.4746,12
USER_008121,325.5871,12
USER_009835,529.0334,12
USER_005143,390.0764,12
USER_008104,325.47913,12
USER_004889,626.92676,12
USER_008129,2405.5693,12
USER_005372,833.0349,12
USER_001990,943.8614,12
USER_007332,588.9332,12
USER_004399,1880.4069,12
USER_005426,1308.185,12
USER_006978,1130.7433,12
USER_007677,2565.5815,12
USER_008316,484.02472,12
USER_007227,640.4053,12
USER_000419,1777.4841,12
USER_009026,1472.5901,12
USER_004673,1032.2589,12
USER_001309,1995.4171,12
USER_003366,755.53546,12
USER_003129,2312.984,12
USER_004348,344.8948,12
USER_006213,534.8935,12
USER_009128,1892.822,12
USER_001922,2496.9631,12
USER_006629,409.63873,12
USER_009814,1667.4906,12
USER_000130,3780.2734,12
USER_002182,1735.858,12
USER_001248,4078.4292,12
USER_007029,1012.66534,12
USER_002648,1417.9283,12
USER_006174,1730.3857,12
USER_002291,1562.6552,12
USER_009367,2599.2485,12
USER_004187,989.1901,12
USER_003463,613.1838,12
USER_004567,192.07556,12
USER_002863,1776.9581,12
USER_002329,617.46454,12
USER_006067,2476.8906,12
USER_006969,2176.4878,12
USER_002375,1750.3942,12
USER_006608,1783.5591,12
USER_005347,392.2327,12
USER_001862,1984.4606,12
USER_005014,473.97134,12
USER_007220,1578.4496,12
USER_008778,584.93964,12
USER_003707,712.28815,12
USER_007206,448.3855,12
USER_007236,186.14328,12
USER_008574,3528.6377,12
USER_002234,2855.0327,12
USER_002183,1645.6102,12
USER_007401,578.02814,12
USER_001313,1129.8352,12
USER_007595,1394.6453,12
USER_001215,3158.0867,12
USER_007270,294.18777,12
USER_003151,706.785,12
USER_008220,833.5174,12
USER_008689,1768.0566,12
USER_005594,1859.4963,12
USER_009362,756.92847,12
USER_006737,613.0675,12
USER_009016,1143.3208,12
USER_003435,269.58716,12
USER_008559,1663.1777,12
USER_004833,3158.2976,12
USER_009118,1954.6211,12
USER_007612,846.72723,12
USER_009347,2179.7566,12
USER_000712,3375.827,12
USER_006336,1928.0134,12
USER_006783,1088.4437,12
USER_007826,922.6628,12
USER_006785,1217.318,12
USER_007051,1899.2775,12
USER_007352,447.473,12
USER_009414,252.95895,12
USER_006198,287.3471,12
USER_002654,1981.7495,12
USER_003165,3084.045,12
USER_000624,3400.853,12
USER_005489,2329.287,12
USER_000462,4748.557,12
USER_003922,982.3509,12
USER_000899,5796.857,12
USER_005359,587.7851,12
USER_005931,1690.2468,12
USER_000494,2718.9612,12
USER_006133,822.8576,12
USER_004706,163.1568,12
USER_000476,2011.4879,12
USER_005473,216.71301,12
USER_001709,1843.467,12
USER_003672,1949.069,12
USER_007481,2231.8594,12
USER_006223,371.80362,12
USER_007980,783.28467,12
USER_001181,380.04523,12
USER_000301,1811.6821,12
USER_003894,65.01462,12
USER_003383,820.4488,12
USER_000100,2780.5762,12
USER_008461,286.29666,12
USER_003176,397.00287,12
USER_005288,2057.2085,12
USER_008954,134.48328,12
USER_001422,2703.1694,12
USER_005721,1370.2097,12
USER_003685,473.004,12
USER_007393,1142.5792,12
USER_007416,2905.6719,12
USER_004372,2247.7146,12
USER_001011,1687.2799,12
USER_003651,1093.7394,12
USER_001711,2604.343,12
USER_006912,554.3224,12
USER_002156,2266.9175,12
USER_001882,1743.2598,12
USER_000041,2279.4355,12
USER_006445,1631.2087,12
USER_009987,448.19846,12
USER_003598,149.24817,12
USER_009895,1397.9116,12
USER_005821,1161.9073,12
USER_006261,775.59485,12
USER_004609,2135.452,12
USER_006769,198.91753,12
USER_008949,750.8559,12
USER_002098,2137.1707,12
USER_002824,3925.7727,12
USER_003002,3345.1177,12
USER_003293,1664.8479,12
USER_009067,530.5251,12
USER_005847,1372.1644,12
USER_008142,1534.2284,12
USER_000061,1863.0742,12
USER_006405,544.02026,12
USER_007272,188.31883,12
USER_001059,2301.872,12
USER_000716,5067.6304,12
USER_008261,1586.8724,12
USER_009547,626.6733,12
USER_001022,1139.5272,12
USER_008560,1426.0791,12
USER_008690,381.2903,12
USER_008656,351.87003,12
USER_009872,448.41644,12
USER_001796,1151.1517,12
USER_009860,1251.9989,12
USER_004302,734.5667,12
USER_005482,1111.0221,12
USER_004907,816.5487,12
USER_000266,3404.951,12
USER_004951,382.66675,12
USER_001994,2979.145,12
USER_003601,2599.867,12
USER_005209,822.8217,12
USER_005954,459.13657,12
USER_002724,1872.119,12
USER_004243,1195.7802,12
USER_006425,448.276,12
USER_007294,180.19386,12
USER_007708,682.67505,12
USER_004981,2854.3745,12
USER_002246,699.2322,12
USER_007824,1362.007,12
USER_006642,1837.5226,12
USER_000687,2891.39,12
USER_000263,2532.7783,12
USER_004140,1943.2726,12
USER_004381,389.37366,12
USER_008708,2199.9692,12
USER_005192,596.1564,12
USER_008082,217.518,12
USER_007274,665.92944,12
USER_007135,1414.3064,12
USER_006710,4377.358,12
USER_000921,4360.0483,12
USER_005677,3896.4636,12
USER_006478,185.24597,12
USER_005032,1636.6677,12
USER_002633,1717.9048,12
USER_009237,1950.5449,12
USER_004973,776.23126,12
USER_009138,1687.6173,12
USER_008246,129.84479,12
USER_003980,752.20026,12
USER_001867,1899.3168,12
USER_002957,1962.3445,12
USER_003964,1033.6813,12
USER_006692,2463.853,12
USER_008764,999.7154,12
USER_006680,448.09705,12
USER_001046,5986.4365,12
USER_001433,1430.9764,12
USER_006901,187.7673,12
USER_000707,3384.7925,12
USER_002870,2217.0718,12
USER_003580,533.72156,12
USER_000414,2633.4922,12
USER_004157,1345.5519,12
USER_005915,547.7786,12
USER_006656,3445.298,12
USER_006307,1749.264,12
USER_008182,205.10849,12
USER_007082,371.81168,12
USER_005026,1369.9462,12
USER_003597,583.72437,12
USER_003788,953.1201,12
USER_004455,737.53015,12
USER_004042,856.5968,12
USER_005046,1769.0464,12
USER_003289,191.59367,12
USER_001712,396.31537,12
USER_005028,480.47424,12
USER_002488,3011.395,12
USER_009687,110.000885,12
USER_004478,572.41626,12
USER_008168,1217.4973,12
USER_009648,572.11127,12
USER_001304,3381.3025,12
USER_009532,4292.4136,12
USER_003025,458.1882,12
USER_009110,450.61325,12
USER_001306,1632.621,12
USER_002577,2708.8455,12
USER_004839,444.19788,12
USER_008422,1260.6835,12
USER_008226,268.0977,12
USER_009123,764.8022,12
USER_002655,1549.4613,12
USER_000622,3538.7148,12
USER_008327,1259.054,12
USER_004963,2218.642,12
USER_004790,1045.812,12
USER_005092,5052.146,12
USER_005517,2517.882,12
USER_003911,989.0523,12
USER_009643,1033.5829,12
USER_008757,2867.3533,12
USER_009905,1805.09,12
USER_008418,2060.4941,12
USER_002266,3427.6074,12
USER_002782,2248.9324,12
USER_002479,810.449,12
USER_009184,2853.513,12
USER_001869,1483.2699,12
USER_002507,1239.8033,12
USER_000190,3933.57,12
USER_000319,1713.1243,12
USER_000086,3543.58,12
USER_001165,2830.8857,12
USER_004767,1566.0327,12
USER_006939,1551.7747,12
USER_006333,1444.3914,12
USER_006113,480.8388,12
USER_000692,2274.6074,12
USER_004460,1767.3285,12
USER_005564,501.9143,12
USER_006863,439.3068,12
USER_003620,557.4295,12
USER_002187,1158.3472,12
USER_001552,529.50903,12
USER_005096,1115.4031,12
USER_000146,2788.052,12
USER_008605,1044.8503,12
USER_000331,1053.1647,12
USER_000193,2454.7698,12
USER_001548,1843.6456,12
USER_005808,3091.357,12
USER_005687,1559.6675,12
USER_004469,311.05685,12
USER_006459,922.16254,12
USER_003851,935.7153,12
USER_002115,2647.9834,12
USER_004938,369.88837,12
USER_008602,134.22836,12
USER_001764,883.17755,12
USER_008572,2525.919,12
USER_005678,595.5759,12
USER_007166,660.92065,12
USER_002496,2394.2268,12
USER_001280,3499.1416,12
USER_001749,2975.2993,12
USER_005125,1458.4635,12
USER_006749,1478.7245,12
USER_009968,941.1349,12
USER_008852,832.67126,12
USER_003778,267.92078,12
USER_000767,2021.8372,12
USER_000564,2159.4922,12
USER_005805,771.12665,12
USER_006087,2515.7524,12
USER_004225,953.54694,12
USER_006031,97.93114,12
USER_003051,424.08902,12
USER_006126,373.2731,12
USER_001474,2784.8599,12
USER_005857,1395.2734,12
USER_000368,2864.8516,12
USER_009500,413.8101,12
USER_000512,4308.522,12
USER_001793,2570.0742,12
USER_009563,562.6958,12
USER_009356,1663.115,12
USER_008324,856.66455,12
USER_009407,87.973946,12
USER_009698,1229.1993,12
USER_005796,959.5937,12
USER_009890,648.7358,12
USER_000902,1793.5159,12
USER_003942,1920.5453,12
USER_008565,215.63045,12
USER_000970,3361.1187,12
USER_007672,2639.0605,12
USER_003163,1283.2252,12
USER_008376,1254.342,12
USER_003574,766.0285,12
USER_009962,293.61218,12
USER_006782,1353.4524,12
USER_006293,836.0409,12
USER_005306,1644.6118,12
USER_003434,603.30365,12
USER_002848,1373.9077,12
USER_006364,732.1414,12
USER_000323,2616.8223,12
USER_000748,1777.4717,12
USER_009770,1004.128,12
USER_006230,1592.2979,12
USER_002320,4204.238,12
USER_000234,1818.5948,12
USER_008926,2057.1497,12
USER_001658,3629.2788,12
USER_001390,566.5928,12
USER_000358,2871.5056,12
USER_007072,1689.1918,12
USER_000675,1390.4326,12
USER_005618,1188.4424,12
USER_005187,239.37903,12
USER_005840,918.99725,12
USER_008891,1473.1332,12
USER_008899,1079.8876,12
USER_002199,1564.5203,12
USER_007245,203.22932,12
USER_005446,282.24695,12
USER_003033,1154.7122,12
USER_009732,922.10614,12
USER_003666,1700.2607,12
USER_001760,1855.9429,12
USER_003792,1418.0054,12
USER_005109,2215.5645,12
USER_003545,2134.7822,12
USER_001406,1629.4781,12
USER_006732,2034.2095,12
USER_002418,4234.24,12
USER_007347,1516.0072,12
USER_005184,371.78485,12
USER_002169,776.6536,12
USER_004722,2853.3052,12
USER_004926,1229.7639,12
USER_005845,252.30249,12
USER_007336,1416.7104,12
USER_002050,2776.0244,12
USER_001530,751.509,12
USER_000453,2170.0535,12
USER_006351,743.8401,12
USER_002618,2499.4526,12
USER_008763,2842.743,12
USER_000895,5073.5957,12
USER_009802,1259.8339,12
USER_003602,792.73303,12
USER_000496,2305.469,12
USER_005433,1456.08,12
USER_003551,2807.6108,12
USER_002039,3230.232,12
USER_005825,254.07973,12
USER_009351,853.87476,12
USER_006743,330.8274,12
USER_003579,1608.8513,12
USER_002541,1770.3389,12
USER_000198,4250.1997,12
USER_003846,1694.3167,12
USER_003168,838.1904,12
USER_000342,3221.1497,12
USER_003114,2320.608,12
USER_006381,792.9112,12
USER_006615,1666.5547,12
USER_004664,2317.5947,12
USER_008709,754.5347,12
USER_001714,1751.4432,12
USER_006406,325.7272,12
USER_000065,4303.628,12
USER_000743,2167.2312,12
USER_000219,3924.3196,12
USER_004697,1624.2771,12
USER_000856,2382.2773,12
USER_003987,278.14224,12
USER_002581,1524.9928,12
USER_000023,1163.4398,12
USER_002142,1279.3445,12
USER_000095,4462.0103,12
USER_008331,480.8159,12
USER_007339,1130.5159,12
USER_008417,272.0348,12
USER_007067,1634.9742,12
USER_006719,959.0468,12
USER_002002,1395.5969,12
USER_002003,2078.209,12
USER_007752,668.0575,12
USER_009405,194.31549,12
USER_004269,197.83513,12
USER_001865,873.7823,12
USER_009283,1355.6016,12
USER_009330,1395.653,12
USER_009750,193.32903,12
USER_008911,710.4971,12
USER_003516,1870.953,12
USER_002149,607.3227,12
USER_006006,2854.3906,12
USER_009863,252.50148,12
USER_003233,1926.6715,12
USER_001980,557.4987,12
USER_005429,1905.156,12
USER_005480,403.75742,12
USER_006291,338.995,12
USER_006315,916.2148,12
USER_007213,1264.0834,12
USER_000180,1680.6902,12
USER_003419,156.02776,12
USER_009187,1046.6025,12
USER_002491,1893.1552,12
USER_005987,922.27,12
USER_002933,1697.828,12
USER_005380,496.34882,12
USER_009888,1211.917,12
USER_003369,1857.1547,12
USER_007472,1704.7255,12
USER_002859,1689.2162,12
USER_004350,1394.3157,12
USER_002194,1872.0024,12
USER_001624,1777.692,12
USER_004598,1423.0455,12
USER_007068,663.1591,12
USER_008923,434.5892,12
USER_000434,6298.4507,12
USER_000393,1250.3358,12
USER_009514,1054.5784,12
USER_008842,506.3992,12
USER_006368,2136.4731,12
USER_008262,2315.3271,12
USER_001833,1919.8967,12
USER_003263,792.2737,12
USER_005020,935.9076,12
USER_001637,1700.9283,12
USER_000428,3948.191,12
USER_005596,1204.8561,12
USER_005019,749.25165,12
USER_003216,1897.486,12
USER_007620,1205.2936,12
USER_001895,1823.8091,12
USER_004619,1534.8838,12
USER_000815,4005.534,12
USER_006980,770.8143,12
USER_003548,1023.54724,12
USER_003914,1159.2307,12
USER_008624,938.5685,12
USER_004326,3960.3904,12
USER_001526,1586.4037,12
USER_006552,1708.437,12
USER_003818,1674.5071,12
USER_007092,168.03323,12
USER_004077,1397.7455,12
USER_008728,443.81403,12
USER_006574,829.2843,12
USER_003451,1283.9563,12
USER_005585,1318.9554,12
USER_005505,824.38763,12
USER_009805,1238.6613,12
USER_006923,403.9614,12
USER_008317,1144.5048,12
USER_000625,1627.6556,12
USER_002388,2634.8147,12
USER_009027,688.3996,12
USER_008933,404.79242,12
USER_001127,3624.2786,12
USER_006191,710.65594,12
USER_007327,995.2572,12
USER_007963,2223.7732,12
USER_004464,1239.1584,12
USER_005484,602.4762,12
USER_003900,1954.29,12
USER_002435,801.7195,12
USER_003691,864.91766,12
USER_008986,1371.508,12
USER_008848,2840.3833,12
USER_006934,346.5236,12
USER_009504,2601.4778,12
USER_002530,1230.5393,12
USER_005988,1258.5328,12
USER_000039,2252.877,12
USER_004661,988.28644,12
USER_008258,579.8939,12
USER_005161,607.618,12
USER_008654,1374.1432,12
USER_006919,250.6037,12
USER_001278,3466.253,12
USER_008092,507.006,12
USER_000538,2271.0881,12
USER_001982,2847.5562,12
USER_006492,448.89664,12
USER_008669,419.81512,12
USER_009953,184.13297,12
USER_000337,2577.393,12
USER_001153,2444.4766,12
USER_004812,1379.6522,12
USER_008333,825.384,12
USER_003933,934.10815,12
USER_003802,1158.5604,12
USER_001013,1042.0609,12
USER_006649,922.7801,12
USER_001351,754.8063,12
USER_006800,252.35706,12
USER_007169,1239.7643,12
USER_001349,1346.1831,12
USER_006269,661.3975,12
USER_001426,1646.744,12
USER_000468,3380.7622,12
USER_008144,134.74242,12
USER_000158,5151.4917,12
USER_009484,205.24316,12
USER_007369,585.56024,12
USER_009165,2333.648,12
USER_002059,2373.379,12
USER_006775,1420.7928,12
USER_000492,2914.1814,12
USER_007263,271.739,12
USER_001535,1629.8463,12
USER_001802,468.2885,12
USER_002713,3102.284,12
USER_004782,980.33167,12
USER_004163,4172.6426,12
USER_003333,1148.7922,12
USER_001081,2650.5017,12
USER_006666,572.7888,12
USER_007471,1233.5054,12
USER_003448,2176.1274,12
USER_007136,457.81357,12
USER_002797,2386.728,12
USER_005424,339.85898,12
USER_009725,1960.0929,12
USER_009177,2814.4143,12
USER_003720,820.795,12
USER_005443,73.16016,12
USER_008358,1003.0693,12
USER_003227,2480.5325,12
USER_002473,2276.9458,12
USER_008647,971.89355,12
USER_007965,1982.6145,12
USER_009495,657.6803,12
USER_000961,4973.551,12
USER_005139,1328.4288,12
USER_002960,2102.4512,12
USER_004136,149.19592,12
USER_000264,3720.07,12
USER_002493,2401.1323,12
USER_003782,1472.0585,12
USER_003152,472.2124,12
USER_002760,1990.5143,12
USER_004823,936.03314,12
USER_006568,202.3754,12
USER_004247,2265.7751,12
USER_001491,2338.1753,12
USER_003678,287.83533,12
USER_005541,531.0451,12
USER_004632,1875.1428,12
USER_000365,3631.59,12
USER_002968,2076.6616,12
USER_007572,1189.2106,12
USER_004471,1141.8175,12
USER_009530,748.9808,12
USER_004720,1344.9833,12
USER_000211,3381.3513,12
USER_001969,704.88385,12
USER_002721,1813.4647,12
USER_004808,571.30084,12
USER_004927,1016.54004,12
USER_002764,1650.6156,12
USER_003747,1251.3743,12
USER_006972,269.7418,12
USER_001860,2061.9548,12
USER_003348,705.42377,12
USER_009235,1150.4875,12
USER_008603,1694.928,12
USER_003209,368.49658,12
USER_009226,464.25784,12
USER_004101,603.1719,12
USER_000138,2686.7214,12
USER_008276,2142.551,12
USER_006201,1579.1775,12
USER_009660,603.18555,12
USER_002466,4051.2014,12
USER_008361,1025.2749,12
USER_004245,1658.2799,12
USER_004848,1351.3768,12
USER_005725,2288.7603,12
USER_003112,1063.7809,12
USER_006556,278.17102,12
USER_001678,641.79584,12
USER_006485,940.9906,12
USER_005172,2269.0698,12
USER_003476,584.9139,12
USER_003808,1295.9194,12
USER_006413,285.99673,12
USER_006204,3574.6016,12
USER_009779,750.6673,12
USER_000637,4242.7373,12
USER_009287,621.4443,12
USER_004495,652.7486,12
USER_008999,7082.532,12
USER_006037,972.6499,12
USER_005204,627.27325,12
USER_007167,553.3445,12
USER_008819,1661.5704,12
USER_000084,2011.2559,12
USER_006072,590.42,12
USER_000205,2398.9666,12
USER_007337,126.80472,12
USER_003643,1772.1788,12
USER_008969,1663.7913,12
USER_001618,1067.8641,12
USER_009416,516.34265,12
USER_006076,1161.7783,12
USER_005726,1437.3666,12
USER_006180,2983.835,12
USER_007045,695.20825,12
USER_001776,1696.4109,12
USER_001132,2265.143,12
USER_006156,826.12695,12
USER_001810,2264.6821,12
USER_003532,241.19344,12
USER_003271,2058.6619,12
USER_008789,1259.0446,12
USER_000047,2223.5298,12
USER_002249,1636.5002,12
USER_008145,1177.3268,12
USER_005239,354.58768,12
USER_005851,251.51607,12
USER_001729,415.27838,12
USER_002196,4208.8345,12
USER_003010,412.07428,12
USER_000104,4198.641,12
USER_009787,494.35565,12
USER_000332,3564.178,12
USER_004293,1308.2263,12
USER_001784,2355.614,12
USER_006206,388.94745,12
USER_004957,872.2965,12
USER_007726,187.77406,12
USER_004453,2382.8418,12
USER_001302,2037.0648,12
USER_000793,2512.1377,12
USER_002124,1114.273,12
USER_006359,207.362,12
USER_003544,3561.2017,12
USER_001370,2840.432,12
USER_009834,641.1995,12
USER_006571,1483.9862,12
USER_006210,2734.927,12
USER_008941,662.7349,12
USER_007896,494.05927,12
USER_005228,106.52897,12
USER_005444,350.96558,12
USER_004098,597.2274,12
USER_007745,3260.5396,12
USER_002579,1918.7001,12
USER_006441,410.2071,12
USER_002034,3175.8276,12
USER_009151,613.72906,12
USER_007736,1458.8457,12
USER_006393,165.45456,12
USER_007668,948.8505,12
USER_004752,1649.4994,12
USER_004323,2324.0654,12
USER_000232,4779.942,12
USER_002576,1355.6111,12
USER_000176,1587.0961,12
USER_008992,1658.8457,12
USER_005113,1130.0731,12
USER_002978,1978.9431,12
USER_008216,2078.2449,12
USER_000537,2847.5022,12
USER_006187,799.43164,12
USER_006207,798.0216,12
USER_000555,1810.9191,12
USER_007182,822.2945,12
USER_008536,1075.073,12
USER_003525,1651.3424,12
USER_006821,1280.4886,12
USER_007251,3526.4434,12
USER_006884,1832.1613,12
USER_004500,6844.9995,12
USER_000383,1045.0022,12
USER_006810,639.7369,12
USER_007800,578.7957,12
USER_003361,2757.396,12
USER_003135,2201.2505,12
USER_004570,1039.0511,12
USER_000407,888.2925,12
USER_002691,2764.2185,12
USER_009933,2476.4685,12
USER_002425,1495.1857,12
USER_002160,1140.4387,12
USER_003269,2474.2822,12
USER_005666,1689.4224,12
USER_001850,2523.0447,12
USER_003238,1303.6965,12
USER_003182,4013.629,12
USER_009767,1160.9684,12
USER_007543,1188.705,12
USER_007252,2252.8298,12
USER_007895,1864.3988,12
USER_008568,2855.2751,12
USER_005593,326.59604,12
USER_005962,1412.8716,12
USER_000931,2750.5918,12
USER_002095,1812.2809,12
USER_007152,912.5433,12
USER_007615,148.63853,12
USER_008874,906.58044,12
USER_002726,423.3893,12
USER_004320,1198.059,12
USER_006106,1207.8818,12
USER_000785,2681.5913,12
USER_005630,715.00226,12
USER_005367,1038.0444,12
USER_004799,1088.7307,12
USER_004970,1318.2303,12
USER_001961,2811.1768,12
USER_004791,327.01584,12
USER_009108,1725.6626,12
USER_002325,1587.782,12
USER_000314,1731.8392,12
USER_003174,353.9106,12
USER_001913,2952.3708,12
USER_002671,1963.2301,12
USER_001150,1657.4934,12
USER_006186,1831.0044,12
USER_002384,3173.746,12
USER_007132,200.48381,12
USER_005788,1386.5735,12
USER_007567,712.1056,12
USER_009494,1080.487,12
USER_007876,1874.2445,12
USER_003714,208.40239,12
USER_002763,5169.695,12
USER_003729,1065.1847,12
USER_004863,2426.2737,12
USER_003775,435.57758,12
USER_002394,2155.5137,12
USER_004493,1112.0789,12
USER_009275,433.67673,12
USER_006979,1633.6522,12
USER_008474,388.63354,12
USER_005748,460.32135,12
USER_006924,1422.237,12
USER_001780,2577.3474,12
USER_007279,925.10443,12
USER_004031,705.29047,12
USER_003827,652.807,12
USER_008883,616.80005,12
USER_003357,2432.8298,12
USER_001781,2108.59,12
USER_001727,1666.4781,12
USER_008881,98.360054,12
USER_005549,864.223,12
USER_008662,207.2441,12
USER_009674,2285.8928,12
USER_009855,1587.7566,12
USER_006384,156.26826,12
USER_005360,2291.1624,12
USER_005702,339.07684,12
USER_001411,2250.9082,12
USER_000827,2884.7598,12
USER_007083,688.1211,12
USER_002969,2020.1782,12
USER_002817,1039.2595,12
USER_009004,2022.145,12
USER_000708,4097.135,12
USER_003671,3773.3318,12
USER_000852,4236.859,12
USER_006474,338.50418,12
USER_002146,3208.4233,12
USER_007975,1422.0605,12
USER_006329,541.50226,12
USER_001585,775.2395,12
USER_005948,372.0135,12
USER_007094,1547.1289,12
USER_005146,2027.5576,12
USER_007856,1084.321,12
USER_004891,1385.6426,12
USER_009160,98.10028,12
USER_006766,2035.0889,12
USER_008171,1088.4271,12
USER_007511,2273.9019,12
USER_002610,921.77606,12
USER_006831,967.44617,12
USER_003868,187.57329,12
USER_000312,1561.4623,12
USER_002965,2354.1272,12
USER_007814,183.54489,12
USER_006563,531.92065,12
USER_003938,351.2291,12
USER_009877,591.11487,12
USER_009104,462.12067,12
USER_000958,1768.2194,12
USER_003169,147.6977,12
USER_000825,2360.5813,12
USER_005629,1080.5994,12
USER_005335,351.15167,12
USER_001148,933.06616,12
USER_002223,1724.7042,12
USER_004807,1647.9106,12
USER_004740,786.81323,12
USER_008425,1056.2074,12
USER_003452,779.8643,12
USER_004558,1687.4048,12
USER_000457,2898.166,12
USER_008395,2178.149,12
USER_001976,1300.891,12
USER_009492,495.75674,12
USER_003878,179.05554,12
USER_004087,514.55646,12
USER_001031,1560.7434,12
USER_002867,1733.889,12
USER_006104,1837.3245,12
USER_000178,2408.5552,12
USER_003871,115.55435,12
USER_007524,877.28937,12
USER_007860,125.71059,12
USER_003116,1616.6549,12
USER_004861,370.52686,12
USER_009216,1519.9095,12
USER_001289,2109.7627,12
USER_007026,2217.8218,12
USER_001012,998.70514,12
USER_000029,4118.168,12
USER_005152,2269.9197,12
USER_008030,736.1356,12
USER_004675,1280.5256,12
USER_008359,327.03195,12
USER_004903,1221.9458,12
USER_001673,1593.7162,12
USER_001274,1042.1284,12
USER_004392,422.3362,12
USER_000648,2428.8303,12
USER_000503,951.3723,12
